,data_criacao,e_sobre_a_empresa,id,text,usuario
0,Sun Apr 21 18:54:40 +0000 2019,0,"1,12003815530082E+018","@soucrvasco boa, troca√ß√£o sadia, sem judia√ß√£o.",Leonardo ‚ú†
1,Sun Apr 21 18:53:00 +0000 2019,0,"1,12003773793821E+018","@lucasvon sim mas quem teria de engrandecer  a rivalidade de forma sadia parece que ainda vive a fase de chamar a m√£e quando √© contrariado. o mal dessa onda dos digital influencer tipo @fabianobaldasso, o chor√£o..",Manoel Albuquerque
2,Sun Apr 21 18:50:26 +0000 2019,1,"1,12003709177632E+018",com quantos anos voc√™ descobriu que o mascote da @sadia √© o gasparzinho numa fantasia de frango? https://t.co/tyrt5debyw,Kallel Calazani
3,Sun Apr 21 18:45:14 +0000 2019,0,"1,12003578370299E+018","tava planejando meu casamento e minha viagem no egito com os meus amigos, cara isso √© t√£o bobo mas foi uma conversa t√£o sadia e engra√ßada que vou contar pro c√™s viu",Tonhao da lua
4,Sun Apr 21 18:27:14 +0000 2019,0,"1,12003125427404E+018",rt @stephieborges: se teve uma coisa que a vida dentro das editoras me ensinou √© que a precisa se ver e se entender como mediador de leitur‚Ä¶,faca salame
5,Sun Apr 21 18:24:04 +0000 2019,0,"1,12003045781764E+018",@velberan faltou o sadia,"√ârico com E de Eu, Giorno Giovanna, tenho um sonho"
6,Sun Apr 21 18:00:38 +0000 2019,0,"1,12002455750986E+018",@dnaraujo05 kkkkkkkkkkkkkkkkk brincadeira sadia,sou blindado por Deus
7,Sun Apr 21 17:42:16 +0000 2019,1,"1,12001993714425E+018","na minha inf√¢ncia um dos presentes que mais gostei foi um bone da sadia, do meu primeiro treinador na d√©cada de 90..
enchi o saco pra ganharüòÇüòÇüòÇ https://t.co/taghbugv1s",Marcelo Guerreiro
8,Sun Apr 21 17:29:33 +0000 2019,0,"1,1200167342437E+018","@erikescossio @furiagg @sharksesportsgg @coachics @guerricsgo n√£o √© desrespeito √© provoca√ß√£o, que todo jogo tem que ter uma provoca√ß√£o sadia e isso provoca hype no jogo, e se respeitar para voc√™ e dar uma de humildao voc√™ deveria rever seus conceitos de humildao",Leoran
9,Sun Apr 21 17:28:15 +0000 2019,1,"1,12001640871963E+018","review de comidas congeladas utilidade p√∫blica 

o yakisoba congelado da sadia √© bom",gentilady
10,Sun Apr 21 17:08:58 +0000 2019,0,"1,12001155629572E+018",@araujolorenzo4 n√£o acho mentiras e descontextualiza√ß√£o uma provoca√ß√£o sadia.,Alexandre Giesbrecht
11,Sun Apr 21 17:03:59 +0000 2019,1,"1,12001030250926E+018",almo√ßo de p√°scoa: lasanha da sadia.,Barb√£o ‚ú°
12,Sun Apr 21 16:34:54 +0000 2019,0,"1,12000298131802E+018","5 lugares de conc√≥rdia q eu chorei 
senai
casa da lara
cinema depois de terminar namoro
ser sadia
casa do bruno https://t.co/idffehqsl8",Brian
13,Sun Apr 21 16:32:46 +0000 2019,0,"1,12000244690077E+018","@taliriapetrone bom dia, a condi√ß√£o de doente, faminto e prostituta, n√£o √© a condi√ß√£o sadia do ser humano, jesus curou os doentes, alimentou os famintos e perdoou a mulher ad√∫ltera, que se convencionou a chamar de prostituta. jesus anunciou a todos a boa nova, que temos um pai amoroso, que nos",Gilberto Andrade
14,Sun Apr 21 16:28:59 +0000 2019,1,"1,12000149371589E+018","lasanha pronta da sadia , de leii",Pakistanoüáµüá∞
15,Sun Apr 21 16:26:14 +0000 2019,0,"1,12000080160953E+018","@paulo_nunes8 @estebantavares toda a corneta sadia √© valida mas os tem √°udios que √© fora da realidade nem em buteco se escuta tanta bobagens falta empatia da parte de voc√™s com o ser humano,n√£o interessa a cor que torce,o bom disso tudo √© que tem plataforma alternativas.",Veri1903
16,Sun Apr 21 16:21:50 +0000 2019,0,"1,11999969352056E+018","rt @marcooosjrcrf: @denunciaflatt ""crian√ßas que se foram por neglig√™ncia"".
fico me perguntando como uma pessoa consegue ser t√£o alienada, o‚Ä¶",Denuncia CRF
17,Sun Apr 21 16:21:13 +0000 2019,0,"1,11999953954346E+018",@hirai_momovick @nilmoretto a condi√ß√£o expressa um ideal normativo: o ideal √© que voc√™ se ame para poder amar as outras pessoas para que seja uma rela√ß√£o sadia e sincera. se voc√™ n√£o se ama fica o conselho da nilce: busque resolver este problema.,Darlley Brito
18,Sun Apr 21 16:18:59 +0000 2019,0,"1,11999897794298E+018","@jogosspfc n√£o sei como conseguem levar isso a s√©rie. zero maldade. apenas provoca√ß√£o sadia, normal.",Lorenzo
19,Sun Apr 21 16:17:27 +0000 2019,0,"1,1199985912952E+018",rt @stephieborges: se teve uma coisa que a vida dentro das editoras me ensinou √© que a precisa se ver e se entender como mediador de leitur‚Ä¶,Clarice Fran√ßa
20,Sun Apr 21 16:10:17 +0000 2019,0,"1,11999678847011E+018","@l_nogueiraaa @jeterrfilho_ nogueira,,,,,,, eu n sei amigo, mas foi sadia a play",zozoquinhacraft
21,Sun Apr 21 15:46:39 +0000 2019,0,"1,11999083876606E+018",rt @stephieborges: se teve uma coisa que a vida dentro das editoras me ensinou √© que a precisa se ver e se entender como mediador de leitur‚Ä¶,Sofia Soter
22,Sun Apr 21 15:44:41 +0000 2019,0,"1,11999034528097E+018",e por um instante a vida sadia que levara at√© agora pareceu-lhe um modo moralmente louco de viver. - clarice lispector https://t.co/p989xwtobr,Felipe Schiavon
23,Sun Apr 21 15:40:54 +0000 2019,0,"1,11998939392053E+018","@rafacapoci isso!!! as bisha se acha o √∫ltimo cu da terra. o pior √© que vc n√£o pode ter nem uma conversa sadia por conta dessas cosias, pq sexualizam tudo. e ficam putas quando vc d√° um fora.",OjerizaCompulsiva
24,Sun Apr 21 15:22:12 +0000 2019,0,"1,1199846864854E+018",rt @taianefmg: @yanziinhojr crlh que sadia logo cedo kkkkkkk,Insta: Yanziinhojr10
25,Sun Apr 21 15:17:10 +0000 2019,0,"1,11998342060675E+018",@yanziinhojr crlh que sadia logo cedo kkkkkkk,Azevedo Tai üíõ
26,Sun Apr 21 15:08:17 +0000 2019,1,"1,11998118541182E+018",vo comer lasanha da sadia pois a pregui√ßa de cozinhar algo eh grande,webcorna
27,Sun Apr 21 14:55:10 +0000 2019,1,"1,11997788310201E+018","aquele queijo que ja tava uma semana que tava  grudado
parecia at√© gorgonzola
e o presunto aquele presunt√£o n√£o o presunto sadia n√£o rapai
c√™s t√£o de sacanagem
voc√™s n√£o corre
pa n falar outra coisa p eu n√£o tomar processo por causa do c√™s",t-bag
28,Sun Apr 21 14:54:32 +0000 2019,1,"1,1199777230893E+018",maneiro que o pl√°stico da lasanha @sadia nunca sai inteiro. quero ver a hora que eu pegar uma doen√ßa por comer lasanha com pl√°stico derretido;,Thiago Fran√ßa
29,Sun Apr 21 14:50:31 +0000 2019,1,"1,1199767124298E+018",@nukkafan s de sadia kkkkk,Araujou
30,Sun Apr 21 14:39:56 +0000 2019,0,"1,11997405059033E+018",rt @sasa_crf: @butecodt provoca√ß√µes entre clubes e jogadores; comemora√ß√£o de gol com a torcida (sem tomar cart√£o); e com os reservas dentro‚Ä¶,Sas√° Cu√©llar Balzary ‚öΩüé∂üìö
31,Sun Apr 21 14:39:34 +0000 2019,0,"1,1199739580849E+018","@butecodt provoca√ß√µes entre clubes e jogadores; comemora√ß√£o de gol com a torcida (sem tomar cart√£o); e com os reservas dentro de campo; sal√°rios de jogadores dentro da realidade; cachorro invadindo campo; sem torcida √∫nica; sem viol√™ncia, mas com rivalidade sadia",Sas√° Cu√©llar Balzary ‚öΩüé∂üìö
32,Sun Apr 21 14:26:11 +0000 2019,0,"1,1199705909438E+018","""em uma sociedade sadia e normal as pessoas podem discordar, podem at√© ter pontos de vista diametralmente op..."" ‚Äî https://t.co/ijqmtcuyl6",Calebe Henrique
