"","data_criacao","e_sobre_a_empresa","id","text","usuario"
"0","Fri Apr 19 21:30:03 +0000 2019","","1.1193524842527826e+18","@fatmaiconkkk @MAlCONKUSTERKKK @cacaushow @BurgerKingBR @McDonalds_BR @bobsbrasil @GiraffasOficial @PancoOficial @Garoto @perdigaooficial @sadia @Oreo @clubsocial @Nestle @kibonbr @kfc @hellmannsbrasil @br_heinz @nescau @toddybrasil @Ovomaltine_br @Nesquik Liga pra ele n√£o. Eu tenho mais comida do que ele, eu tenho um hamburger exclusivo do Mac Donald's kkkkkk","Canto da sereia kuster"
"1","Fri Apr 19 21:02:33 +0000 2019","","1.1193455649555743e+18","Esse rage e a necessidade de expor o q t√¥ pensando deve ser muito tempo no twitter. A gente tenta se cercar de coisas e gente sadia por aqui (o que n√£o deixa de ser uma merda de bolha) mas n tem jeito. Como se ficar sendo negativo aqui fosse ajudar alguma coisa tbm","Cau√™ Petito"
"2","Fri Apr 19 20:53:17 +0000 2019","","1.1193432311232963e+18","Que man√© peixe, almo√ßo de hoje foi Lasanha Sadia üòÅ","Suricate"
"3","Fri Apr 19 20:47:39 +0000 2019","","1.1193418137169306e+18","Esses Strogonoff da Sadia s√£o bom pra caralho","desesperado por√©m tranquilo"
"4","Thu Apr 18 22:48:41 +0000 2019","","","@leo_godinho 99 seguidores foi uma brincadeirinha sadia, tenha esp√≠rito esportivo Sr. Gordinho, desculpe, GODINHO, rsrs","FelippeCardosoN"
"5","Thu Apr 18 22:33:54 +0000 2019","","","Estamos muito longe de uma sociedade sadia... https://t.co/9fERTCV7vz","vinilabanca"
"6","Thu Apr 18 22:13:08 +0000 2019","","","Gnt eu sugeri para o boy ele fazer pizza pra mim. Agora t√° eu aqui arrependida do trabalho q vai d√° e s√≥ pensando q devia ter pedido pra ele comprar uma da Sadia msm e t√° √≥timo üíî #arrependidaemmikonos","_anneway"
"7","Thu Apr 18 22:05:59 +0000 2019","","","Perdig√£o ou Sadia? ‚Äî Me diz voc√™, prefere qual? https://t.co/g8O85Qcifu","Salles7crf"
"8","Thu Apr 18 21:52:10 +0000 2019","","","Primeira vez na vida q eu e a testuda tivemos uma conversa sadia e produtiva, orgulho","carolz1nh"
"9","Thu Apr 18 22:45:30 +0000 2019","","","Esse Ciro atualizado de mente aberta e sadia acordou tarde para entender que caminhar com petista √© o mesmo pegar carona com marginal fugindo da pol√≠cia, toda hora pode ter uma surpresa desagrad√°vel. Ou tava hipnotizado ou √© muito burro pois 58 milh√µes de brasileiros sabia disso. https://t.co/N5OZyHY3ZO","Edilbertolorde"
"10","Thu Apr 18 22:35:07 +0000 2019","","","Queijo SADIA SOLT√çSSIMO Prato Fatiado Pacote 200g - R$ 1,99 (Pre√ßo v√°lido para... https://t.co/4d4U1vneFx","pesquisaecompra"
"11","Thu Apr 18 22:33:54 +0000 2019","","","Estamos muito longe de uma sociedade sadia... https://t.co/9fERTCV7vz","vinilabanca"
"12","Thu Apr 18 22:33:41 +0000 2019","","","Presunto SADIA SOLT√çSSIMO Cozido Fatiado Pacote 200g - R$ 1,99 (Pre√ßo v√°lido para... https://t.co/WBjNonwViR","pesquisaecompra"
"13","Thu Apr 18 22:13:08 +0000 2019","","","Gnt eu sugeri para o boy ele fazer pizza pra mim. Agora t√° eu aqui arrependida do trabalho q vai d√° e s√≥ pensando q devia ter pedido pra ele comprar uma da Sadia msm e t√° √≥timo üíî #arrependidaemmikonos","_anneway"
"14","Thu Apr 18 22:04:11 +0000 2019","","","ofereci o lugar pra velhinha ela n√£o quis e ofereceu meu ligar pra um mulher jovem &amp; sadia. Tenho direito de ficar puta?","stephano_bc"
"15","Thu Apr 18 22:05:59 +0000 2019","","","Perdig√£o ou Sadia? ‚Äî Me diz voc√™, prefere qual? https://t.co/g8O85Qcifu","Salles7crf"
"16","Thu Apr 18 22:48:41 +0000 2019","","","@leo_godinho 99 seguidores foi uma brincadeirinha sadia, tenha esp√≠rito esportivo Sr. Gordinho, desculpe, GODINHO, rsrs","FelippeCardosoN"
"17","Thu Apr 18 22:33:54 +0000 2019","","","Estamos muito longe de uma sociedade sadia... https://t.co/9fERTCV7vz","vinilabanca"
"18","Thu Apr 18 22:13:08 +0000 2019","","","Gnt eu sugeri para o boy ele fazer pizza pra mim. Agora t√° eu aqui arrependida do trabalho q vai d√° e s√≥ pensando q devia ter pedido pra ele comprar uma da Sadia msm e t√° √≥timo üíî #arrependidaemmikonos","_anneway"
"19","Thu Apr 18 22:05:59 +0000 2019","","","Perdig√£o ou Sadia? ‚Äî Me diz voc√™, prefere qual? https://t.co/g8O85Qcifu","Salles7crf"
"20","Thu Apr 18 21:52:10 +0000 2019","","","Primeira vez na vida q eu e a testuda tivemos uma conversa sadia e produtiva, orgulho","carolz1nh"
"21","Thu Apr 18 22:45:30 +0000 2019","","","Esse Ciro atualizado de mente aberta e sadia acordou tarde para entender que caminhar com petista √© o mesmo pegar carona com marginal fugindo da pol√≠cia, toda hora pode ter uma surpresa desagrad√°vel. Ou tava hipnotizado ou √© muito burro pois 58 milh√µes de brasileiros sabia disso. https://t.co/N5OZyHY3ZO","Edilbertolorde"
"22","Thu Apr 18 22:35:07 +0000 2019","","","Queijo SADIA SOLT√çSSIMO Prato Fatiado Pacote 200g - R$ 1,99 (Pre√ßo v√°lido para... https://t.co/4d4U1vneFx","pesquisaecompra"
"23","Thu Apr 18 22:33:54 +0000 2019","","","Estamos muito longe de uma sociedade sadia... https://t.co/9fERTCV7vz","vinilabanca"
"24","Thu Apr 18 22:33:41 +0000 2019","","","Presunto SADIA SOLT√çSSIMO Cozido Fatiado Pacote 200g - R$ 1,99 (Pre√ßo v√°lido para... https://t.co/WBjNonwViR","pesquisaecompra"
"25","Thu Apr 18 22:13:08 +0000 2019","","","Gnt eu sugeri para o boy ele fazer pizza pra mim. Agora t√° eu aqui arrependida do trabalho q vai d√° e s√≥ pensando q devia ter pedido pra ele comprar uma da Sadia msm e t√° √≥timo üíî #arrependidaemmikonos","_anneway"
"26","Thu Apr 18 22:04:11 +0000 2019","","","ofereci o lugar pra velhinha ela n√£o quis e ofereceu meu ligar pra um mulher jovem &amp; sadia. Tenho direito de ficar puta?","stephano_bc"
"27","Thu Apr 18 22:05:59 +0000 2019","","","Perdig√£o ou Sadia? ‚Äî Me diz voc√™, prefere qual? https://t.co/g8O85Qcifu","Salles7crf"
