"data_criacao","id","text","usuario"
"Sun Apr 21 21:43:51 +0000 2019","1120080731533979649","rt @calazani: com quantos anos voc√™ descobriu que o mascote da @sadia √© o gasparzinho numa fantasia de frango? https://t.co/tyrt5debyw","Daniela Pinheiro"
"Sun Apr 21 21:41:28 +0000 2019","1120080133187096576","rt @calazani: com quantos anos voc√™ descobriu que o mascote da @sadia √© o gasparzinho numa fantasia de frango? https://t.co/tyrt5debyw","Filipe Souza"
"Sun Apr 21 21:37:04 +0000 2019","1120079025047732226","rt @calazani: com quantos anos voc√™ descobriu que o mascote da @sadia √© o gasparzinho numa fantasia de frango? https://t.co/tyrt5debyw","hugo"
"Sun Apr 21 21:32:56 +0000 2019","1120077987695792134","@calazani @sadia eu to em choque, q isso vc √© mt atencioso","…¢·¥Ä ô Ä…™·¥á ü ü è"
"Sun Apr 21 21:32:33 +0000 2019","1120077890526298117","@calazani @sadia mo√ßo voc√™ quebrou a internet com esse tweet","…¢·¥Ä ô Ä…™·¥á ü ü è"
"Sun Apr 21 21:28:18 +0000 2019","1120076819280089088","rt @calazani: com quantos anos voc√™ descobriu que o mascote da @sadia √© o gasparzinho numa fantasia de frango? https://t.co/tyrt5debyw","Gabz"
"Sun Apr 21 21:19:19 +0000 2019","1120074557421965313","""briga sadia""","Carapicuinha"
"Sun Apr 21 21:06:21 +0000 2019","1120071295960481801","@herbert49422420 @raivosoticao @g1 fraco de argumento. mente de bosta! nem pra debater de forma sadia presta, s√≥ faz peso na terra!","Guilherme Reisüáßüá∑"
"Sun Apr 21 21:02:11 +0000 2019","1120070249230012416","com todo respeito aos flamenguistas, vasca√≠nos, tricolores, demais torcedores e times.. mas com tanta coisa ruim acontecendo por a√≠, e uma brincadeira sadia dessas, estragar a festa, a magia do futebol e do verdadeiro significado de torcedor eu n√£o consigo engolir https://t.co/9rs0lpdjx0","De Souza, Bernardo"
"Sun Apr 21 20:41:59 +0000 2019","1120065162336190469","uvei compr√¥ tive q assar uns quibinho pif paf s√£o mais saborosos q os da sadia eu acho... mas a√≠ eles pode sabotar... 17:41h s de saud√°vel s de san s de sadia q men-ti---raaa...","Alessandra Bispo"
"Sun Apr 21 20:41:50 +0000 2019","1120065127007625217","@raissapessoa_ hamburguer sadia ;)","guga"
"Sun Apr 21 20:29:18 +0000 2019","1120061970437296128","@thiagogotaam uai mas √© sadia mesmo eu s√≥ ri kkkkkkkkkk","Vanessa"
"Sun Apr 21 20:28:10 +0000 2019","1120061686931763203","@ness_rodrigues oh legal √© uma zoa√ß√£o sadia... mas t√° valendo","Gota do amarelinho"
"Sun Apr 21 20:28:10 +0000 2019","1120061686931763203","@ness_rodrigues oh legal √© uma zoa√ß√£o sadia... mas t√° valendo","Gota do amarelinho"
"Sun Apr 21 20:17:24 +0000 2019","1120058975448457216","@bbcbrasil com esse bacon porcaria que existe no brasil, pode ser que sim, n√© @sadia ?","@ccaks"
"Sun Apr 21 19:46:18 +0000 2019","1120051151280529408","@gugachacra coment√°rio que farei √© dispens√°vel nem leia.

mas a brincadeira que o guga faz √© muito mais leve e saud√°vel, do que as que vemos entre os comentaristas da √°rea esportiva.

que as vezes com ran√ßo distorcem fatos para menosprezar equipes rivais.

pela zoeira sadia no futebol !!","PauloCaeta"
"Sun Apr 21 19:42:57 +0000 2019","1120050308942635008","conversa sadia com a m√£e da harine pra ver quem √© q vai dar um ovo de p√°scoa pra quem","ysa"
"Sun Apr 21 19:42:35 +0000 2019","1120050213626970113","rt @spinellicrf: diego claramente sempre tentando o passe mais dif√≠cil, como faz bem a competi√ß√£o sadia dentro do elenco","#ForaAbel üáπüáπ"
"Sun Apr 21 19:39:40 +0000 2019","1120049481343557637","diego claramente sempre tentando o passe mais dif√≠cil, como faz bem a competi√ß√£o sadia dentro do elenco","Matheus Spinelli"
"Sun Apr 21 19:25:38 +0000 2019","1120045949836058624","@thiagocmtimao esse √© bola sadia","Guerrilheiro"
"Sun Apr 21 18:54:40 +0000 2019","1120038155300818946","@soucrvasco boa, troca√ß√£o sadia, sem judia√ß√£o.","Leonardo ‚ú†"
"Sun Apr 21 18:53:00 +0000 2019","1120037737938210822","@lucasvon sim mas quem teria de engrandecer  a rivalidade de forma sadia parece que ainda vive a fase de chamar a m√£e quando √© contrariado. o mal dessa onda dos digital influencer tipo @fabianobaldasso, o chor√£o..","Manoel Albuquerque"
"Sun Apr 21 18:50:26 +0000 2019","1120037091776319488","com quantos anos voc√™ descobriu que o mascote da @sadia √© o gasparzinho numa fantasia de frango? https://t.co/tyrt5debyw","Kallel Calazani"
"Sun Apr 21 18:45:14 +0000 2019","1120035783702994944","tava planejando meu casamento e minha viagem no egito com os meus amigos, cara isso √© t√£o bobo mas foi uma conversa t√£o sadia e engra√ßada que vou contar pro c√™s viu","Tonhao da lua"
"Sun Apr 21 18:27:14 +0000 2019","1120031254274035713","rt @stephieborges: se teve uma coisa que a vida dentro das editoras me ensinou √© que a precisa se ver e se entender como mediador de leitur‚Ä¶","faca salame"
"Sun Apr 21 18:24:04 +0000 2019","1120030457817640962","@velberan faltou o sadia","√ârico com E de Eu, Giorno Giovanna, tenho um sonho"
"Sun Apr 21 18:00:38 +0000 2019","1120024557509857281","@dnaraujo05 kkkkkkkkkkkkkkkkk brincadeira sadia","sou blindado por Deus"
"Sun Apr 21 18:00:38 +0000 2019","1120024557509857281","@dnaraujo05 kkkkkkkkkkkkkkkkk brincadeira sadia","sou blindado por Deus"
"Sun Apr 21 17:42:16 +0000 2019","1120019937144254464","na minha inf√¢ncia um dos presentes que mais gostei foi um bone da sadia, do meu primeiro treinador na d√©cada de 90..
enchi o saco pra ganharüòÇüòÇüòÇ https://t.co/taghbugv1s","Marcelo Guerreiro"
"Sun Apr 21 17:29:33 +0000 2019","1120016734243696640","@erikescossio @furiagg @sharksesportsgg @coachics @guerricsgo n√£o √© desrespeito √© provoca√ß√£o, que todo jogo tem que ter uma provoca√ß√£o sadia e isso provoca hype no jogo, e se respeitar para voc√™ e dar uma de humildao voc√™ deveria rever seus conceitos de humildao","Leoran"
"Sun Apr 21 17:28:15 +0000 2019","1120016408719626246","review de comidas congeladas utilidade p√∫blica 

o yakisoba congelado da sadia √© bom","gentilady"
"Sun Apr 21 17:08:58 +0000 2019","1120011556295720960","@araujolorenzo4 n√£o acho mentiras e descontextualiza√ß√£o uma provoca√ß√£o sadia.","Alexandre Giesbrecht"
"Sun Apr 21 17:03:59 +0000 2019","1120010302509260801","almo√ßo de p√°scoa: lasanha da sadia.","Barb√£o ‚ú°"
"Sun Apr 21 16:34:54 +0000 2019","1120002981318021121","5 lugares de conc√≥rdia q eu chorei 
senai
casa da lara
cinema depois de terminar namoro
ser sadia
casa do bruno https://t.co/idffehqsl8","Brian"
"Sun Apr 21 16:32:46 +0000 2019","1120002446900772864","@taliriapetrone bom dia, a condi√ß√£o de doente, faminto e prostituta, n√£o √© a condi√ß√£o sadia do ser humano, jesus curou os doentes, alimentou os famintos e perdoou a mulher ad√∫ltera, que se convencionou a chamar de prostituta. jesus anunciou a todos a boa nova, que temos um pai amoroso, que nos","Gilberto Andrade"
"Sun Apr 21 16:28:59 +0000 2019","1120001493715890176","lasanha pronta da sadia , de leii","Pakistanoüáµüá∞"
"Sun Apr 21 16:26:14 +0000 2019","1120000801609527297","@paulo_nunes8 @estebantavares toda a corneta sadia √© valida mas os tem √°udios que √© fora da realidade nem em buteco se escuta tanta bobagens falta empatia da parte de voc√™s com o ser humano,n√£o interessa a cor que torce,o bom disso tudo √© que tem plataforma alternativas.","Veri1903"
"Sun Apr 21 16:21:50 +0000 2019","1119999693520560128","rt @marcooosjrcrf: @denunciaflatt ""crian√ßas que se foram por neglig√™ncia"".
fico me perguntando como uma pessoa consegue ser t√£o alienada, o‚Ä¶","Denuncia CRF"
"Sun Apr 21 16:21:13 +0000 2019","1119999539543461889","@hirai_momovick @nilmoretto a condi√ß√£o expressa um ideal normativo: o ideal √© que voc√™ se ame para poder amar as outras pessoas para que seja uma rela√ß√£o sadia e sincera. se voc√™ n√£o se ama fica o conselho da nilce: busque resolver este problema.","Darlley Brito"
"Sun Apr 21 16:18:59 +0000 2019","1119998977942982656","@jogosspfc n√£o sei como conseguem levar isso a s√©rie. zero maldade. apenas provoca√ß√£o sadia, normal.","Lorenzo"
"Sun Apr 21 16:17:27 +0000 2019","1119998591295197186","rt @stephieborges: se teve uma coisa que a vida dentro das editoras me ensinou √© que a precisa se ver e se entender como mediador de leitur‚Ä¶","Clarice Fran√ßa"
"Sun Apr 21 16:10:17 +0000 2019","1119996788470112257","@l_nogueiraaa @jeterrfilho_ nogueira,,,,,,, eu n sei amigo, mas foi sadia a play","zozoquinhacraft"
"Sun Apr 21 16:10:17 +0000 2019","1119996788470112257","@l_nogueiraaa @jeterrfilho_ nogueira,,,,,,, eu n sei amigo, mas foi sadia a play","zozoquinhacraft"
"Sun Apr 21 15:46:39 +0000 2019","1119990838766055424","rt @stephieborges: se teve uma coisa que a vida dentro das editoras me ensinou √© que a precisa se ver e se entender como mediador de leitur‚Ä¶","Sofia Soter"
"Sun Apr 21 15:44:41 +0000 2019","1119990345280966656","e por um instante a vida sadia que levara at√© agora pareceu-lhe um modo moralmente louco de viver. - clarice lispector https://t.co/p989xwtobr","Felipe Schiavon"
"Sun Apr 21 15:40:54 +0000 2019","1119989393920528385","@rafacapoci isso!!! as bisha se acha o √∫ltimo cu da terra. o pior √© que vc n√£o pode ter nem uma conversa sadia por conta dessas cosias, pq sexualizam tudo. e ficam putas quando vc d√° um fora.","OjerizaCompulsiva"
"Sun Apr 21 15:22:12 +0000 2019","1119984686485397505","rt @taianefmg: @yanziinhojr crlh que sadia logo cedo kkkkkkk","Insta: Yanziinhojr10"
"Sun Apr 21 15:17:10 +0000 2019","1119983420606746625","@yanziinhojr crlh que sadia logo cedo kkkkkkk","Azevedo Tai üíõ"
"Sun Apr 21 15:08:17 +0000 2019","1119981185411821573","vo comer lasanha da sadia pois a pregui√ßa de cozinhar algo eh grande","fofa&abusada"
"Sun Apr 21 14:55:10 +0000 2019","1119977883102011392","aquele queijo que ja tava uma semana que tava  grudado
parecia at√© gorgonzola
e o presunto aquele presunt√£o n√£o o presunto sadia n√£o rapai
c√™s t√£o de sacanagem
voc√™s n√£o corre
pa n falar outra coisa p eu n√£o tomar processo por causa do c√™s","t-bag"
"Sun Apr 21 14:54:32 +0000 2019","1119977723089301504","maneiro que o pl√°stico da lasanha @sadia nunca sai inteiro. quero ver a hora que eu pegar uma doen√ßa por comer lasanha com pl√°stico derretido;","Thiago Fran√ßa"
"Sun Apr 21 14:50:31 +0000 2019","1119976712429801473","@nukkafan s de sadia kkkkk","Araujou"
"Sun Apr 21 14:39:56 +0000 2019","1119974050590330880","rt @sasa_crf: @butecodt provoca√ß√µes entre clubes e jogadores; comemora√ß√£o de gol com a torcida (sem tomar cart√£o); e com os reservas dentro‚Ä¶","Sas√° Cu√©llar Balzary ‚öΩüé∂üìö"
"Sun Apr 21 14:39:34 +0000 2019","1119973958084898817","@butecodt provoca√ß√µes entre clubes e jogadores; comemora√ß√£o de gol com a torcida (sem tomar cart√£o); e com os reservas dentro de campo; sal√°rios de jogadores dentro da realidade; cachorro invadindo campo; sem torcida √∫nica; sem viol√™ncia, mas com rivalidade sadia","Sas√° Cu√©llar Balzary ‚öΩüé∂üìö"
"Sun Apr 21 14:26:11 +0000 2019","1119970590943797248","""em uma sociedade sadia e normal as pessoas podem discordar, podem at√© ter pontos de vista diametralmente op..."" ‚Äî https://t.co/ijqmtcuyl6","Calebe Henrique"
"Sun Apr 21 12:43:06 +0000 2019","1119944647403503617","rt @admirljunior: @marciowestin @paulatuono @mitags @mjmacul_lima @brunifaiadd @j_damassa @assumpcad @pankeka @marcelo12755237 @jualoeblein‚Ä¶","JOSEPH.D.A.NETO-2022"
